Category,Item,Status,Completion %,Owner,Target Date,Actual Date,Notes,Investor Importance
FINANCIAL DOCUMENTATION,3 Years Audited Financials,In Progress,60%,CFO,2026-02-15,,2023-2024 complete; 2025 in audit,游댮 CRITICAL
FINANCIAL DOCUMENTATION,Monthly P&L by SKU (12 months),Not Started,0%,CFO,2026-02-01,,Need to implement SKU-level tracking,游댮 CRITICAL
FINANCIAL DOCUMENTATION,13-Week Rolling Cash Flow,Complete,100%,CFO,2026-01-15,2026-01-10,Updated weekly - investor ready,游댮 CRITICAL
FINANCIAL DOCUMENTATION,5-Year Financial Projections,Draft,70%,CFO,2026-02-20,,Base/Conservative/Aggressive scenarios,游댮 CRITICAL
FINANCIAL DOCUMENTATION,Cap Table (Clean),Complete,100%,Legal,2026-01-05,2026-01-03,All founder shares issued correctly,游댮 CRITICAL
FINANCIAL DOCUMENTATION,Use of Proceeds Detail,Draft,50%,COO,2026-02-15,,Need to refine allocation by quarter,游리 HIGH
FINANCIAL DOCUMENTATION,Unit Economics Model,Complete,100%,COO,2026-01-20,2026-01-12,SKU-level profitability analysis,游댮 CRITICAL
FINANCIAL DOCUMENTATION,Customer LTV/CAC Analysis,Not Started,0%,VP Sales,2026-02-28,,Need 6 months data for cohort analysis,游리 HIGH
,,,,,,,,
OPERATIONAL METRICS,Distribution Point Tracking,In Progress,75%,VP Sales,2026-01-31,,2000 current; target 2500 by Series A,游댮 CRITICAL
OPERATIONAL METRICS,Velocity by Distributor,Complete,100%,VP Sales,2026-01-15,2026-01-08,Weekly tracking system operational,游리 HIGH
OPERATIONAL METRICS,Gross Margin Trend (12 months),In Progress,50%,CFO,2026-02-28,,Need 6 more months of clean data,游댮 CRITICAL
OPERATIONAL METRICS,EBITDA Breakeven Proof,Not Started,0%,CFO,2026-04-30,,Target Q2 2026 for first positive month,游댮 CRITICAL
OPERATIONAL METRICS,Customer Retention/Repeat Rate,In Progress,40%,VP Sales,2026-03-15,,Setting up tracking system,游리 HIGH
OPERATIONAL METRICS,Inventory Turns (Annual),Complete,100%,COO,2026-01-20,2026-01-15,Currently 6x; target 8x by Series A,游릭 MEDIUM
OPERATIONAL METRICS,Quality Control Metrics,Complete,100%,QC Mgr,2026-01-10,2026-01-05,Defect rate trending to <2%,游릭 MEDIUM
,,,,,,,,
LEGAL & COMPLIANCE,Corporate Formation Docs,Complete,100%,Legal,2025-12-01,2025-11-15,LLC operating agreement clean,游릭 MEDIUM
LEGAL & COMPLIANCE,Founder Vesting Agreements,Complete,100%,Legal,2025-12-15,2025-12-10,4-year vest with 1-year cliff,游댮 CRITICAL
LEGAL & COMPLIANCE,Employee Stock Option Plan,Not Started,0%,Legal,2026-03-31,,Need to establish before Series A,游리 HIGH
LEGAL & COMPLIANCE,IP Protection (Trademarks),In Progress,80%,Legal,2026-02-01,,Good Dogg춽 registered; 2 flavors pending,游리 HIGH
LEGAL & COMPLIANCE,Material Contracts,In Progress,60%,Legal,2026-02-28,,Co-packer + distributor agreements,游리 HIGH
LEGAL & COMPLIANCE,TTB Permits & Compliance,Complete,100%,QC Mgr,Ongoing,Ongoing,All current and up to date,游댮 CRITICAL
LEGAL & COMPLIANCE,State Registrations (All States),In Progress,70%,QC Mgr,2026-03-15,,18 states complete; 12 in progress,游리 HIGH
LEGAL & COMPLIANCE,Insurance Policies,Complete,100%,CFO,Ongoing,Ongoing,General liability + product liability,游릭 MEDIUM
,,,,,,,,
MARKET & TRACTION,Customer Testimonials/Case Studies,Not Started,0%,Marketing,2026-03-01,,Need 5-10 strong customer stories,游릭 MEDIUM
MARKET & TRACTION,Press Coverage Archive,In Progress,30%,Marketing,2026-02-15,,Some local press; need national,游릭 MEDIUM
MARKET & TRACTION,Competitive Analysis,Complete,100%,CEO,2026-01-05,2026-01-03,High Noon/BuzzBallz/Cutwater analysis,游리 HIGH
MARKET & TRACTION,Market Size Validation,Complete,100%,CEO,2026-01-10,2026-01-05,$13.4B RTD market data validated,游리 HIGH
MARKET & TRACTION,Sports Partnership Documentation,Complete,100%,CEO,2026-01-03,2025-12-28,Celtics + Bruins agreements signed,游댮 CRITICAL
MARKET & TRACTION,Social Media Metrics,In Progress,50%,Marketing,2026-02-01,,Need consistent tracking + growth,游릭 MEDIUM
MARKET & TRACTION,Email/SMS Subscriber Growth,Not Started,0%,Marketing,2026-03-01,,DTC channel for wine line,游릭 MEDIUM
,,,,,,,,
TEAM & ORGANIZATION,Org Chart (Current + Future),Draft,60%,COO,2026-02-01,,Current 3 people; plan to 10+ people,游리 HIGH
TEAM & ORGANIZATION,Key Hire Pipeline,In Progress,40%,COO,2026-02-28,,CFO search active; Ops Mgr next,游리 HIGH
TEAM & ORGANIZATION,Advisory Board,Not Started,0%,CEO,2026-03-15,,Need 2-3 beverage industry advisors,游릭 MEDIUM
TEAM & ORGANIZATION,Employee Handbook,Not Started,0%,COO,2026-04-30,,Required once >5 employees,游릭 LOW
TEAM & ORGANIZATION,Compensation Benchmarking,Not Started,0%,CFO,2026-03-31,,Need market data for key hires,游릭 MEDIUM
,,,,,,,,
INVESTOR MATERIALS,Pitch Deck (Series A version),Draft,65%,CEO,2026-02-15,,Bridge deck needs update for Series A,游댮 CRITICAL
INVESTOR MATERIALS,Executive Summary (2-pager),Draft,50%,CEO,2026-02-10,,Needs metrics update,游댮 CRITICAL
INVESTOR MATERIALS,Data Room (Organized),In Progress,35%,CFO,2026-03-01,,DocSend folder structure created,游댮 CRITICAL
INVESTOR MATERIALS,Video Pitch (3 min),Not Started,0%,Marketing,2026-03-15,,Nice-to-have for warm intros,游릭 LOW
INVESTOR MATERIALS,Financial Model (Excel),Draft,70%,CFO,2026-02-20,,3-statement model with scenarios,游댮 CRITICAL
INVESTOR MATERIALS,Investor FAQ Document,Not Started,0%,CEO,2026-02-28,,Anticipate tough questions,游리 HIGH
INVESTOR MATERIALS,Term Sheet Template,Not Started,0%,Legal,2026-03-15,,Know what terms you want,游리 HIGH
,,,,,,,,
PRODUCT & INNOVATION,Wine Line Launch Plan,In Progress,45%,COO,2026-04-01,,Q2 launch critical for multi-category story,游댮 CRITICAL
PRODUCT & INNOVATION,Product Roadmap (12 months),Draft,50%,COO,2026-02-15,,New flavors + wine line expansion,游리 HIGH
PRODUCT & INNOVATION,R&D Pipeline,Not Started,0%,COO,2026-03-01,,Future innovation showcase,游릭 MEDIUM

OVERALL SERIES A READINESS: 48% Complete
TARGET COMPLETION: 80%+ by March 31, 2026
SERIES A LAUNCH: April-May 2026

CRITICAL PATH ITEMS (Must Complete First):
1. 游댮 EBITDA Breakeven Proof (Q2 2026) - HIGHEST PRIORITY
2. 游댮 3 Years Audited Financials (Feb 15)
3. 游댮 Gross Margin >50% Sustained (Feb 28)
4. 游댮 Distribution >2500 Points (Mar 15)
5. 游댮 Data Room 100% Complete (Mar 1)

WEEKLY REVIEW SCHEDULE:
Every Monday 3pm: COO + CFO + CEO review progress
Every Friday 4pm: Update completion % and adjust priorities
Monthly: Full team review of investor readiness

INVESTOR IMPORTANCE KEY:
游댮 CRITICAL = Deal-breaker if missing
游리 HIGH = Significantly impacts valuation
游릭 MEDIUM/LOW = Nice-to-have but not essential